年月日,平均気温(℃),降水量の合計(mm),日照時間(時間),降雪量合計(cm),平均風速(m/s),平均湿度(％),平均雲量(10分比)
2017/1/1,7.4,0,8.9,0,2,59,2.8
2017/1/2,7.2,0,6.5,0,1.4,65,2.5
2017/1/3,8,0,8.2,0,2.2,54,0.5
2017/1/4,8.5,0,8.7,0,2.6,48,2.5
2017/1/5,6.7,0,9,0,4.9,39,0
2017/1/6,4.5,0,8.8,0,2.3,48,4
2017/1/7,4.1,0,8.7,0,1.7,55,2.3
2017/1/8,3.9,20.5,0,0,2.9,76,9.8
2017/1/9,7.2,5.5,2.2,0,3.3,85,7
2017/1/10,8.1,0,8.9,0,2.4,61,0.3
2017/1/11,6.9,0,9,0,2.4,46,0.3
2017/1/12,6,0,8.2,0,1.7,49,0.5
2017/1/13,6.2,0,6.7,0,2,53,2.3
2017/1/14,2.4,0,3.2,0,2.6,52,5.8
2017/1/15,0.7,0,8.1,0,3.1,49,1.5
2017/1/16,3.2,0,9.3,0,3.5,45,0.8
2017/1/17,5.4,0,9.1,0,2.3,56,1
2017/1/18,5.8,0,9.1,0,2.5,57,4.3
2017/1/19,6.4,0,5.6,0,3,47,8
2017/1/20,3,0,0,0,2.6,64,10
2017/1/21,5.9,0,9.4,0,3.9,52,3.5
2017/1/22,6,0,9.3,0,2,50,2.5
2017/1/23,4,0,6.9,0,4.5,35,2.8
2017/1/24,2.5,0,9.4,0,3.6,35,0.5
2017/1/25,3.9,0,9.6,0,3.3,36,0
2017/1/26,4.6,0,9.5,0,2.2,48,0
2017/1/27,8.8,0,5.2,0,3.1,53,6.5
2017/1/28,8.4,0,9.1,0,2.1,50,2
2017/1/29,8,0,2.9,0,1.8,64,10
2017/1/30,11.2,0,7.9,0,3,62,5
2017/1/31,5.9,0,9.3,0,4.6,37,2.3
2017/2/1,6,0,7.2,0,2.7,42,7.3
2017/2/2,4.5,0,9.6,0,4.3,33,0
2017/2/3,7.4,0,9.6,0,4.1,36,0
2017/2/4,8.2,0,9.6,0,3.1,43,0
2017/2/5,7.2,0,2.5,0,1.7,57,8.8
2017/2/6,8.7,0,6.1,0,3.7,51,4.3
2017/2/7,5.6,0,9.5,0,5.2,33,1
2017/2/8,6.3,0,9.5,0,3.2,33,6.3
2017/2/9,2.4,8,0,0,2.7,87,10
2017/2/10,4.3,0.5,4,0,3.6,62,8.3
2017/2/11,4.1,0,7.3,0,2.6,37,4.3
2017/2/12,5,0,9.5,0,4,42,0
2017/2/13,6.3,0,8,0,3.3,35,0.8
2017/2/14,6.1,0,8.9,0,3.5,36,3.5
2017/2/15,6.5,0,9.9,0,3.1,39,0.5
2017/2/16,7.3,0,9.9,0,2.2,55,2.3
2017/2/17,13.2,0,8.2,0,4.9,60,4.5
2017/2/18,8.1,0,2.9,0,2.9,43,9
2017/2/19,6.2,0,9.6,0,3.7,48,3.3
2017/2/20,9.9,6.5,5.6,0,4.1,60,6
2017/2/21,6.1,0,9.7,0,5.6,37,0.8
2017/2/22,7,0,4.3,0,3.5,54,8.3
2017/2/23,12.4,0.5,1.5,0,4.5,69,10
2017/2/24,7.4,0,3.5,0,4.5,34,10
2017/2/25,7.5,0,8.1,0,2.2,56,5.3
2017/2/26,8.6,0,8.4,0,2.2,53,5
2017/2/27,6.2,0,2,0,3,63,9
2017/2/28,5.5,0,8.8,0,2.6,60,3.3
2017/3/1,6.4,4.5,5.6,0,1.8,73,6.5
2017/3/2,6.8,9.5,0,0,2.3,95,10
2017/3/3,8.7,0,8.3,0,3.1,58,2.8
2017/3/4,8.7,0,6.1,0,2.5,54,9.3
2017/3/5,10.4,0,8.3,0,2.4,62,5.3
2017/3/6,9.3,1,1.1,0,1.9,84,9.3
2017/3/7,6.6,0.5,2.7,0,3.2,54,6.8
2017/3/8,5.5,0,8.1,0,1.9,49,2.3
2017/3/9,7.5,0,11.1,0,2.8,44,0.8
2017/3/10,8.6,0,10.3,0,2.9,41,1
2017/3/11,7.9,0,8.1,0,3,46,4
2017/3/12,7.6,0,10.3,0,2.7,52,7
2017/3/13,8.8,0.5,0.5,0,2,71,10
2017/3/14,8.1,2.5,0,0,2.8,86,10
2017/3/15,5.4,1,0,0,3.4,76,10
2017/3/16,8.2,0,9.1,0,2.5,55,6
2017/3/17,9.5,0,9,0,3.1,39,6.5
2017/3/18,10.3,0,9.1,0,2.7,44,5.5
2017/3/19,12.2,0,8.9,0,2.9,41,3
2017/3/20,12.6,0,9.8,0,3.6,38,5
2017/3/21,9.1,25.5,0,0,2.9,93,10
2017/3/22,9.8,0,11.3,0,5.5,44,2.5
2017/3/23,9.7,0,5.7,0,2.2,45,9.3
2017/3/24,8.5,0,5.9,0,3.6,41,7.3
2017/3/25,7.8,0,11.1,0,3.1,45,10
2017/3/26,5.9,12.5,0,0,2.8,91,10
2017/3/27,5,21.5,1.5,0,3.6,91,8.5
2017/3/28,8.6,0,9.1,0,2.6,61,3.5
2017/3/29,9.1,0,8.4,0,2.7,68,4.8
2017/3/30,11.9,0,10.2,0,2.5,61,7.3
2017/3/31,8.8,6.5,0.7,0,3,62,9
2017/4/1,6.3,5.5,0,0,2.7,80,10
2017/4/2,8.7,0,8.9,0,2.3,59,6.8
2017/4/3,9.9,1.5,7.3,0,2.8,63,5
2017/4/4,11.2,0,12,0,2.9,63,0.3
2017/4/5,14.7,0,9.4,0,3.5,64,9.5
2017/4/6,16.7,0.5,7.2,0,5.5,68,9.8
2017/4/7,17.5,3,2.8,0,5.6,83,7.8
2017/4/8,15.3,7,0,0,2,96,10
2017/4/9,13.8,9,0,0,2.2,93,10
2017/4/10,10.4,0,6.5,0,2.9,49,10
2017/4/11,8.5,46,0,0,3,90,10
2017/4/12,14.3,0,9.7,0,3.9,58,8.8
2017/4/13,12.3,0,9.1,0,3,51,5.5
2017/4/14,15,0,11.7,0,3.7,51,0.5
2017/4/15,18.6,0,8.2,0,4.8,57,5
2017/4/16,18.9,0,11.9,0,2.7,57,6
2017/4/17,18.3,13,3.8,0,3.2,65,10
2017/4/18,20,17.5,5.1,0,4.7,75,10
2017/4/19,18,0,11.8,0,4.4,50,1.3
2017/4/20,15.7,0,9,0,3.7,47,5.3
2017/4/21,15.6,0,0.1,0,1.8,73,10
2017/4/22,14.3,15,0.1,0,2,74,9.8
2017/4/23,13.6,0.5,10.5,0,2.9,60,4.3
2017/4/24,14.5,0,7,0,3,61,7
2017/4/25,16,0,9.5,0,4.7,63,6
2017/4/26,16.9,0,0,0,4.8,70,10
2017/4/27,14.7,3.5,5,0,3.3,73,9.8
2017/4/28,15.9,0,9.5,0,2.9,58,6
2017/4/29,16.2,0,10.4,0,2.6,63,3.5
2017/4/30,17.8,0,12.3,0,3.2,60,0
2017/5/1,17.7,1,7.6,0,2.4,61,4
2017/5/2,16.6,0,12.4,0,3.1,41,3.8
2017/5/3,17.1,0,9.5,0,3.8,62,10
2017/5/4,18.1,0,9.9,0,4.3,66,6.8
2017/5/5,19.6,0,11.4,0,3.2,71,2.5
2017/5/6,21.7,0,12.4,0,3.3,75,7.8
2017/5/7,19.9,0,3.6,0,3.1,71,9
2017/5/8,20.8,0,12.3,0,2.6,57,5
2017/5/9,19.1,0,0.2,0,2.9,57,9.5
2017/5/10,16.3,4,0,0,1.7,95,10
2017/5/11,21,0,9.4,0,2,70,7
2017/5/12,21.6,0,7.8,0,3.2,75,7.5
2017/5/13,17.8,27,0,0,3.1,95,10
2017/5/14,17.8,0,0.7,0,2.8,79,9.8
2017/5/15,17.7,0,1.1,0,2.5,84,9.8
2017/5/16,18.9,0,4.6,0,3,71,10
2017/5/17,17.2,0,0.2,0,2.7,69,10
2017/5/18,17.6,1.5,5.4,0,2.1,82,7.8
2017/5/19,20,0,12.4,0,2.9,74,4
2017/5/20,22.1,0,13.1,0,2.6,68,0
2017/5/21,23.8,0,12.1,0,2.7,64,3.3
2017/5/22,23.2,0,12.9,0,3.6,66,6
2017/5/23,22.5,0,12.4,0,5,65,2.8
2017/5/24,22.2,0,2.7,0,4,72,10
2017/5/25,20.9,1,0.4,0,2.5,85,10
2017/5/26,18.8,14.5,0,0,2.4,92,10
2017/5/27,20.9,0,7,0,3.3,76,9.5
2017/5/28,20.9,0,6.6,0,2.7,67,8.5
2017/5/29,21.5,0,12,0,3.5,71,5.5
2017/5/30,23.3,0,12.1,0,3,70,5.3
2017/5/31,23.6,0,4.7,0,3.7,76,10
2017/6/1,21.5,15.5,1.7,0,2.4,91,9.8
2017/6/2,23,0,10.6,0,3.6,55,4
2017/6/3,21.4,0,12.1,0,3.6,44,2.8
2017/6/4,21,0,7.2,0,3.6,41,6.5
2017/6/5,19.6,3.5,9.2,0,3.1,60,8
2017/6/6,19.6,0,4.4,0,3,68,9
2017/6/7,20.3,0,0,0,4.4,74,10
2017/6/8,22,0,4.9,0,4.1,76,10
2017/6/9,23.1,0,7,0,3.2,69,9.8
2017/6/10,24.6,0,8.3,0,3.4,63,8.8
2017/6/11,21.7,0,3.7,0,3,55,10
2017/6/12,20.5,0,5,0,3.1,59,9.3
2017/6/13,16.9,9.5,0,0,2.5,92,10
2017/6/14,19.3,3.5,3.6,0,2.7,81,9.3
2017/6/15,21.3,0,7.2,0,3,74,7
2017/6/16,22.4,0,9.7,0,2.9,70,5.8
2017/6/17,22.3,0,12.2,0,2.9,60,5.5
2017/6/18,19.5,11.5,0,0,2.7,85,10
2017/6/19,22.6,1,11,0,3.5,63,5.8
2017/6/20,22.7,0,11.2,0,3.3,75,9.8
2017/6/21,22.4,45.5,0,0,5,90,9.5
2017/6/22,24,0,4.6,0,3.1,63,10
2017/6/23,24.6,0,12.1,0,3.2,69,3
2017/6/24,24.6,0,7.2,0,3.2,75,9.3
2017/6/25,22.3,10,0,0,1.9,95,10
2017/6/26,23.1,0.5,2.1,0,2.7,82,10
2017/6/27,23.2,1,0,0,2.4,87,10
2017/6/28,22.4,3,0,0,1.6,94,8.5
2017/6/29,24.6,0,3.7,0,2.6,80,10
2017/6/30,23.8,2,0.1,0,2.9,89,10
2017/7/1,23.4,2,0.1,0,2.1,90,10
2017/7/2,25.7,1,3.1,0,1.9,84,9.8
2017/7/3,28.3,0,6.2,0,2.5,75,10
2017/7/4,26.8,15,0.1,0,2,83,10
2017/7/5,26.3,0.5,5,0,3.1,82,9
2017/7/6,26.2,0,6.8,0,3.1,74,7.8
2017/7/7,27,0,10.9,0,2.6,74,5
2017/7/8,27.9,0,12.6,0,2.6,69,1
2017/7/9,27.3,0,13.1,0,2.9,78,2.5
2017/7/10,27.4,0,13.5,0,3.7,79,1.5
2017/7/11,27.7,0,7.2,0,4.8,78,6
2017/7/12,28.9,0,10.3,0,4.1,77,6.5
2017/7/13,28.5,0,5.6,0,5,78,6.8
2017/7/14,28.2,0,12.1,0,4.4,74,1.5
2017/7/15,28.1,0,11.5,0,2.8,74,5.8
2017/7/16,28.9,0,6.6,0,2.2,76,10
2017/7/17,29.7,0,6.1,0,3,66,10
2017/7/18,26.3,10.5,3.5,0,2.3,84,10
2017/7/19,26.5,0,6.6,0,3.4,79,8.8
2017/7/20,28.2,0,7.7,0,3.8,76,4.8
2017/7/21,29.1,0,11.6,0,4.5,73,4.8
2017/7/22,28.7,0,9.7,0,4.1,75,6.8
2017/7/23,27.3,0,0,0,4.5,79,10
2017/7/24,29.1,0,2.3,0,4.7,73,10
2017/7/25,29.4,0,1.8,0,3.5,76,9
2017/7/26,24.6,35,0,0,2.7,91,10
2017/7/27,24.2,0.5,0,0,2.4,81,10
2017/7/28,26.8,0,3.5,0,2.2,83,9.3
2017/7/29,26.8,16,3.1,0,2.4,85,9.8
2017/7/30,25.6,0.5,0.1,0,2.3,86,10
2017/7/31,28,0,8.4,0,2.4,78,7
2017/8/1,26.3,6.5,0,0,2.8,87,10
2017/8/2,22.9,0.5,0.5,0,3,82,10
2017/8/3,24.3,0,0.7,0,2.3,76,9
2017/8/4,25.6,0,0.6,0,2.2,86,10
2017/8/5,27.8,0.5,2.9,0,1.8,85,10
2017/8/6,29,0,6.1,0,2.7,82,8
2017/8/7,28.7,9,5,0,4.3,83,7.5
2017/8/8,29.3,0,3.3,0,4.2,80,9.8
2017/8/9,30,0,8.5,0,2.6,75,7.8
2017/8/10,25.7,2.5,0,0,2.6,85,10
2017/8/11,22.9,10.5,0,0,2.4,93,10
2017/8/12,24.1,9.5,1.5,0,1.8,89,8
2017/8/13,26.9,0,3.5,0,2.2,80,9.5
2017/8/14,24.4,9.5,0,0,2.2,94,10
2017/8/15,23.7,43.5,0,0,2.4,98,10
2017/8/16,21.9,18.5,0,0,2.5,99,10
2017/8/17,24.2,3.5,0.2,0,2.2,89,10
2017/8/18,26.5,0,0.8,0,1.9,87,10
2017/8/19,26,17,2.2,0,2.3,90,9.5
2017/8/20,25.3,0,0.6,0,1.9,86,10
2017/8/21,27,0.5,3.7,0,2.4,82,9.8
2017/8/22,27.8,0,2.6,0,2.8,84,9.5
2017/8/23,29.4,0,5.6,0,2,72,7.3
2017/8/24,29.9,0,7.6,0,2.5,69,7.5
2017/8/25,30.4,0,3.7,0,2.1,73,10
2017/8/26,28.9,0,2.7,0,2.4,75,10
2017/8/27,26.6,0,4.8,0,3,64,7
2017/8/28,26.4,0,6.7,0,2.7,74,8.5
2017/8/29,28.7,0,5.3,0,4.1,77,9
2017/8/30,27.7,2,4.6,0,3.3,83,8.8
2017/8/31,21.6,8,0,0,3.6,88,9.8
2017/9/1,21.8,9.5,2.3,0,3.6,71,10
2017/9/2,20,14.5,4.9,0,3.3,82,8.3
2017/9/3,22.2,0,8.6,0,2.8,76,3
2017/9/4,20.6,8,0,0,2.1,90,10
2017/9/5,23,0.5,2.3,0,2.2,84,10
2017/9/6,21.6,9.5,0,0,1.7,99,10
2017/9/7,22.1,3,0.1,0,1.6,99,10
2017/9/8,23.8,0,5.1,0,2.4,86,6.3
2017/9/9,24.5,0,8.7,0,2.4,74,6.5
2017/9/10,25.3,0,7.8,0,2.8,79,6
2017/9/11,25.8,3,5.8,0,4.1,78,10
2017/9/12,24.8,4.5,0.3,0,3.4,93,10
2017/9/13,26.2,0,7.1,0,2.9,70,8
2017/9/14,25.7,0,6.5,0,2.7,70,9.5
2017/9/15,23.9,0,6.9,0,3,57,10
2017/9/16,20.5,8,0,0,2.6,78,10
2017/9/17,19,52,0,0,2.5,100,10
2017/9/18,27,16,9.3,0,4.6,71,8
2017/9/19,24.6,0,6.3,0,2.3,67,9.3
2017/9/20,23.3,0,0,0,2.4,74,10
2017/9/21,24.2,0,10.4,0,3.4,54,7.5
2017/9/22,21.9,20.5,1.4,0,2.3,84,8.3
2017/9/23,20.1,12.5,1.3,0,2.6,85,9.5
2017/9/24,21.9,0,4,0,2.1,77,9
2017/9/25,23.7,0,5.9,0,2.3,75,7.3
2017/9/26,23.8,0,7.7,0,2.5,77,4.8
2017/9/27,23.7,2.5,0.5,0,4,77,7.8
2017/9/28,19.2,45.5,0.1,0,2.9,92,10
2017/9/29,19.9,0,8.3,0,2.4,75,5.8
2017/9/30,20.1,0,2.8,0,1.9,80,7
2017/10/1,20.9,0,7.7,0,2.8,68,5
2017/10/2,22.3,3.5,0,0,2.8,76,9.5
2017/10/3,22.1,0.5,2.9,0,2.4,85,9.5
2017/10/4,18.3,0,0.4,0,2.9,64,9.5
2017/10/5,16.9,0,4.5,0,2.6,54,10
2017/10/6,15.7,28,0,0,2.6,78,10
2017/10/7,18,33.5,1.8,0,2.4,96,9.3
2017/10/8,20.9,0,4,0,1.9,85,9.5
2017/10/9,21,0,10.6,0,2.1,80,6.3
2017/10/10,22.8,0,10.4,0,1.9,81,1.3
2017/10/11,21.2,0,0.9,0,2,90,7.5
2017/10/12,23.1,0.5,5.9,0,2.2,80,9.5
2017/10/13,15.9,4.5,0,0,2.9,92,10
2017/10/14,14.6,19,0,0,2.1,98,10
2017/10/15,15,13.5,0,0,2,97,10
2017/10/16,12.7,32,0,0,2.6,100,10
2017/10/17,13.3,7.5,0,0,1.9,96,9.5
2017/10/18,14.5,0,7.8,0,2.9,74,6
2017/10/19,11,42,0,0,2.8,98,10
2017/10/20,14.3,15.5,0,0,3.2,98,10
2017/10/21,16.4,21.5,0,0,2.3,100,10
2017/10/22,17.4,147.5,0,0,3.2,100,10
2017/10/23,19,40,5.5,0,6.8,64,8
2017/10/24,15.1,0,1.6,0,2.6,62,10
2017/10/25,12.8,9.5,0,0,2.7,88,9.5
2017/10/26,14.4,0,9.9,0,2,74,1
2017/10/27,15.1,0,9.8,0,2.1,73,2.5
2017/10/28,14.4,7.5,0,0,2.4,86,10
2017/10/29,14.5,105.5,0,0,2.9,100,10
2017/10/30,15.3,0,9.9,0,5.1,53,0.3
2017/10/31,12.7,0,1.1,0,2.6,58,7
2017/11/1,13.1,0,6.3,0,2,69,6.3
2017/11/2,15.3,0,8.8,0,2.2,71,7.5
2017/11/3,16.2,5.5,8.5,0,2.3,80,7.3
2017/11/4,16.1,0.5,5.1,0,2.5,74,8.5
2017/11/5,13.3,0,9.4,0,3,56,0.3
2017/11/6,13.6,0,9.3,0,2.1,67,0.8
2017/11/7,15.5,0,9.3,0,2,73,3.3
2017/11/8,14.6,0,0,0,1.9,80,8.5
2017/11/9,14.4,0,9.5,0,4.1,53,0.8
2017/11/10,12.9,0,4.8,0,2.1,63,6.3
2017/11/11,16.4,0,2.9,0,4.4,53,7.3
2017/11/12,12,0,8.3,0,3.2,49,2.8
2017/11/13,11.8,7,4.7,0,1.9,69,9.3
2017/11/14,11.9,4,0,0,1.9,91,10
2017/11/15,12.8,0,3.2,0,2.1,86,9
2017/11/16,11.6,0,8.7,0,2.8,58,4
2017/11/17,9.9,0,7.9,0,2,63,7.8
2017/11/18,10.7,0.5,0,0,3,74,9.8
2017/11/19,8.6,0,5.4,0,3.4,50,2.5
2017/11/20,6.4,0,1.9,0,1.8,59,7.5
2017/11/21,7.9,0,9.4,0,3.4,49,0
2017/11/22,7.1,2,3.1,0,2,69,9.3
2017/11/23,9.4,27,2.8,0,2.5,82,8
2017/11/24,9.4,0,4.9,0,1.7,55,7.3
2017/11/25,9.1,0,8.3,0,1.7,59,3.5
2017/11/26,11.6,0,6.6,0,2.9,59,5.8
2017/11/27,11.4,0,4.4,0,2.5,66,7.5
2017/11/28,11.6,0,0.6,0,2,76,10
2017/11/29,12.7,0,8.6,0,1.6,75,2.3
2017/11/30,11,0.5,0,0,2.1,80,10
2017/12/1,8.5,0,0.5,0,2.2,85,10
2017/12/2,7.6,0,7.3,0,2,67,3
2017/12/3,8.2,0,8.1,0,2,64,5.3
2017/12/4,8.8,0,2.8,0,2.1,68,7
2017/12/5,9.2,0,8.5,0,2.6,60,1
2017/12/6,6.9,0,8.9,0,2.2,56,0.5
2017/12/7,6.4,0,7.8,0,2,65,4.8
2017/12/8,5.7,4.5,0.5,0,2.1,80,9.3
2017/12/9,5.9,0,8.9,0,2.4,55,0
2017/12/10,6.9,0,8.4,0,1.9,60,3.5
2017/12/11,9.9,0,8.6,0,2.7,55,2
2017/12/12,6.8,0,8.4,0,2.9,34,3.3
2017/12/13,5.9,0,7.9,0,2.8,39,4.8
2017/12/14,5.7,0,8.9,0,3.5,41,1.5
2017/12/15,5.4,0,0.4,0,1.8,55,10
2017/12/16,7.7,0,6.6,0,1.6,60,9.5
2017/12/17,6.1,0,8.8,0,3.8,42,3.5
2017/12/18,4.4,0,8.8,0,2,56,2.3
2017/12/19,6.5,0,9,0,2.3,52,0
2017/12/20,5.7,0,5.7,0,1.9,52,4
2017/12/21,5.3,0,6.8,0,2,63,2
2017/12/22,5.4,0,5.7,0,1.9,68,2.5
2017/12/23,7.1,0,7.9,0,1.8,61,3
2017/12/24,7.4,0,2.9,0,1.6,68,7
2017/12/25,9.4,10.5,8.1,0,4.2,61,4.8
2017/12/26,7.5,0,9,0,3.1,46,3.3
2017/12/27,4.5,0,9,0,3.1,44,0.5
2017/12/28,4.8,0,9,0,3.3,39,0.5
2017/12/29,6.1,0,8.6,0,3.4,39,2
2017/12/30,6.2,0,8.9,0,2.8,44,2.8
2017/12/31,3.8,0,0.4,0,2.1,68,8.5
2018/1/1,6.2,0,8.4,0,2.7,55,1
2018/1/2,6.1,0,8.9,0,3.2,42,0.3
2018/1/3,4.9,0,8.9,0,5.2,43,0.8
2018/1/4,4.7,0,8.8,0,2.8,41,0.8
2018/1/5,3.7,0,0.1,0,1.8,60,10
2018/1/6,4.6,0,8.5,0,1.9,57,1.5
2018/1/7,6.3,0,8.5,0,2.8,41,6.3
2018/1/8,5.5,8,0.4,0,1.9,71,10
2018/1/9,8.5,1.5,5.6,0,2.7,65,5.8
2018/1/10,7.5,0,9,0,4.7,41,0
2018/1/11,5.3,0,9.1,0,2.4,38,0.8
2018/1/12,2.7,0,8.7,0,2,36,3.5
2018/1/13,2.7,0,9.1,0,2.3,51,0.5
2018/1/14,4.1,0,9.3,0,3.1,43,0
2018/1/15,4.2,0,8.6,0,2,53,1.5
2018/1/16,7.1,0,8.9,0,1.6,56,3.8
2018/1/17,6.9,15,0,0,2.1,81,9.8
2018/1/18,8.3,0,5.7,0,1.9,86,5.5
2018/1/19,8.4,0,3.9,0,2.7,54,8
2018/1/20,6.3,0,2.4,0,1.6,70,6.5
2018/1/21,7,0,9.2,0,2.1,60,3.8
2018/1/22,1.7,24,0,23,3,83,10
2018/1/23,3.7,0,9.2,0,2.8,69,3
2018/1/24,2.2,0,8,0,3.3,46,2.8
2018/1/25,0,0,9.6,0,2.9,39,0.3
2018/1/26,0.5,0,8.3,0,3.8,39,2.5
2018/1/27,2.6,0,9.5,0,4.3,33,0
2018/1/28,1.7,0,1.9,0,1.9,52,5
2018/1/29,3.7,0,6.4,0,2.1,66,7.8
2018/1/30,3.3,0,3.7,0,2.2,52,5
2018/1/31,3.9,0,7.5,0,2,53,5.5
2018/2/1,3,9,1.9,0,2.3,79,9.8
2018/2/2,1.9,6,0,1,2.4,94,10
2018/2/3,4.5,0,4.2,0,1.9,76,8.5
2018/2/4,5.4,0,5,0,2.3,54,5.3
2018/2/5,4.3,0,7,0,3,48,3.3
2018/2/6,3.3,0,8.9,0,2.1,44,2.8
2018/2/7,3.4,0,9.2,0,2.1,34,0
2018/2/8,3.6,0,8.8,0,2.2,43,2
2018/2/9,4.2,0,9.5,0,1.9,50,1.3
2018/2/10,7,1.5,5.8,0,2.7,59,8
2018/2/11,8.5,0,2.9,0,2.6,55,9.5
2018/2/12,4.4,0,9.3,0,3.5,34,3.8
2018/2/13,3.9,0,6.9,0,1.9,38,1.5
2018/2/14,6,0,9.7,0,3.1,44,2.5
2018/2/15,9.6,0,8.2,0,2.7,51,8.3
2018/2/16,6.3,0,6.1,0,3.1,52,9
2018/2/17,5.8,0,7.3,0,3.3,54,5.3
2018/2/18,3.5,0,9.9,0,3.8,33,3.8
2018/2/19,5.7,0,7,0,2.2,45,7
2018/2/20,7.5,0,9.7,0,2.5,53,6.3
2018/2/21,5.9,0,0.2,0,2.6,52,10
2018/2/22,2.7,2,0,0,2.8,91,10
2018/2/23,3.7,0.5,2,0,2,90,6
2018/2/24,7.4,0,9.1,0,2.5,55,1
2018/2/25,5.6,0,0,0,2.3,57,8.5
2018/2/26,6,0,5.8,0,2.7,62,6
2018/2/27,7.7,0,7.2,0,2.4,63,4.3
2018/2/28,9.1,1,5.7,0,2.5,64,7.5
2018/3/1,12.4,48,7.7,0,3.2,63,3.8
2018/3/2,9.4,0,10.9,0,3,34,0.5
2018/3/3,9.7,0,9.1,0,2.1,50,5
2018/3/4,13.9,0,10.4,0,3.7,63,0
2018/3/5,15.6,15.5,0.4,0,4.9,87,10
2018/3/6,8.3,3,7,0,3.5,66,6
2018/3/7,5.2,0,0.7,0,2.8,56,8.3
2018/3/8,5.9,26,0,0,2.9,92,10
2018/3/9,11.6,58,0,0,3.6,85,10
2018/3/10,7.3,1.5,3.8,0,2.8,67,5.8
2018/3/11,9.2,0,4.4,0,2.2,64,7
2018/3/12,9.9,0,11.3,0,3.4,50,0.3
2018/3/13,11.6,0,10.9,0,2.6,61,2
2018/3/14,14.3,0,10.8,0,2,64,0
2018/3/15,15.9,0,7.6,0,4.1,65,6.8
2018/3/16,13.2,4,0,0,4.5,79,10
2018/3/17,7.4,0,11.4,0,3.2,52,1
2018/3/18,11.3,0,4.1,0,2.9,60,9.5
2018/3/19,13,0.5,0.2,0,2.1,70,9.5
2018/3/20,8.4,10,0,0,3.7,85,10
2018/3/21,3.8,31,0,0,3.1,88,10
2018/3/22,9.5,20,1.8,0,2.8,88,8.8
2018/3/23,11.9,2.5,3.6,0,2.6,62,9.3
2018/3/24,11.3,0,7.1,0,2.7,76,9
2018/3/25,13,0,11.6,0,2.7,62,2.3
2018/3/26,14.1,0,11.5,0,2.2,62,5.8
2018/3/27,15.7,0,8.1,0,2,65,8
2018/3/28,17.2,0,10.9,0,2.5,65,1
2018/3/29,18.1,0,10.9,0,2.4,60,1.5
2018/3/30,13.8,0,10.8,0,4,36,2
2018/3/31,13.4,0,11,0,3.2,51,0.3
2018/4/1,16,0,9.6,0,3.7,65,5
2018/4/2,17.9,0,9.5,0,2.6,70,3
2018/4/3,17.9,0,8.1,0,2.3,75,6.3
2018/4/4,20.1,0,10.8,0,3.3,68,0.5
2018/4/5,13.3,0,0.4,0,3.3,71,10
2018/4/6,18.1,1,3,0,5.3,82,10
2018/4/7,16.2,0,3.8,0,4.1,62,9.5
2018/4/8,11.9,0,7.3,0,2,43,2.5
2018/4/9,13.7,0,11.2,0,3.7,42,2.5
2018/4/10,13.6,0,11.1,0,3.3,52,2.3
2018/4/11,17.6,0,5.3,0,6.5,65,9.5
2018/4/12,19.1,0,8.4,0,2.4,58,9.8
2018/4/13,15.5,0,11.8,0,3.9,34,0.5
2018/4/14,15.2,0,0.8,0,4,67,9.5
2018/4/15,17.9,19,0,0,4.8,75,10
2018/4/16,14.7,0,4.9,0,3.7,48,10
2018/4/17,12.7,2.5,0,0,2.3,81,10
2018/4/18,12.7,28,2.4,0,2.3,94,7.8
2018/4/19,16.2,0,9,0,3.3,77,2
2018/4/20,18.7,0,12,0,3,61,2.5
2018/4/21,18.9,0,12.2,0,2.8,65,0
2018/4/22,20.5,0,12.1,0,2.1,67,1.5
2018/4/23,16.5,0,0,0,3,80,9.3
2018/4/24,18,1.5,0,0,3.3,84,10
2018/4/25,19,57,1.9,0,3.5,95,10
2018/4/26,18.9,0,9.9,0,3.9,55,7.8
2018/4/27,18.5,0,2.7,0,2.9,70,9.5
2018/4/28,20.1,0,12.3,0,4.4,51,0
2018/4/29,20.1,0,12.1,0,4.4,66,0
2018/4/30,20.8,0,9.2,0,4.5,65,6.3
2018/5/1,22.3,0,12.1,0,2.9,59,4.8
2018/5/2,20.4,3.5,2.9,0,3.2,79,10
2018/5/3,21.9,14,1.9,0,6.2,77,10
2018/5/4,18,0,9.7,0,3.8,55,3.5
2018/5/5,18.3,0,12.4,0,3.3,53,1.8
2018/5/6,21,0,10.1,0,4.5,55,9.8
2018/5/7,17.9,21,0.1,0,4.3,83,10
2018/5/8,12.9,10.5,0,0,3.1,92,10
2018/5/9,12.1,35,0,0,2.9,90,10
2018/5/10,12.1,9,3.2,0,1.8,84,6.3
2018/5/11,16.4,0,11.9,0,3.7,64,7.3
2018/5/12,18.8,0,9.7,0,2.8,73,6.5
2018/5/13,17.9,49,0,0,3.4,85,10
2018/5/14,21.1,0,10.9,0,2.9,55,3
2018/5/15,22.3,0,12.6,0,3.6,57,2
2018/5/16,23.5,0,11.3,0,4.3,59,5.8
2018/5/17,24,0,5.8,0,3.7,71,9
2018/5/18,23.4,0,9.7,0,3,82,7.8
2018/5/19,21.5,0,2.3,0,3.9,70,7.5
2018/5/20,16.8,0,11,0,3.5,51,4.3
2018/5/21,20.3,0,11,0,2.4,48,10
2018/5/22,21,0,13.4,0,3.1,55,0.3
2018/5/23,18.6,9,1.3,0,2.3,85,10
2018/5/24,20.7,6,7.8,0,2.8,82,6
2018/5/25,22.8,0,8.3,0,3.7,72,8.3
2018/5/26,21.4,0,2.7,0,2.7,63,9.8
2018/5/27,21.3,0,11.2,0,2.9,72,3.3
2018/5/28,21.6,0,0.7,0,2.5,76,10
2018/5/29,23,0,3.6,0,3.2,73,10
2018/5/30,21.1,8.5,0.1,0,2.6,86,10
2018/5/31,19.5,0,1.6,0,2.4,87,10
2018/6/1,21.7,0,9.1,0,3.4,57,8
2018/6/2,21.9,0,9.9,0,2.4,65,3.8
2018/6/3,22.5,0,9.8,0,2.8,68,4.3
2018/6/4,23.5,0,13.2,0,2.8,64,3
2018/6/5,23.2,0,6,0,2.3,69,7.5
2018/6/6,20.3,12.5,0,0,1.7,92,10
2018/6/7,22.2,1.5,8.5,0,2.6,81,7.8
2018/6/8,23.7,1,7.3,0,4,79,7.3
2018/6/9,25.7,0,8.4,0,2.7,74,8.8
2018/6/10,20,31,0,0,3,91,10
2018/6/11,18.9,50,0,0,2.9,99,10
2018/6/12,20.5,0,1.1,0,2.2,91,10
2018/6/13,21.5,0,5,0,2.7,77,8
2018/6/14,20.6,0,1.3,0,3.4,72,10
2018/6/15,17.6,9.5,0,0,3.2,93,10
2018/6/16,15.9,3,0.1,0,2.8,86,10
2018/6/17,18.7,0,0.4,0,2.3,77,10
2018/6/18,19.4,2,0,0,1.9,93,10
2018/6/19,22.7,0,7.7,0,3,77,9.8
2018/6/20,20.8,24.5,0,0,2.7,98,10
2018/6/21,21.2,2,0,0,2,95,9.5
2018/6/22,23.1,0,10.8,0,2.7,79,7.3
2018/6/23,20.6,16,0,0,1.7,95,10
2018/6/24,21.3,2.5,4.1,0,2.1,91,10
2018/6/25,26.2,0,12.9,0,2.4,71,2.8
2018/6/26,25.7,0,9.2,0,3.6,75,7.5
2018/6/27,27.7,0,7.6,0,7,71,9
2018/6/28,27.4,0,4.8,0,6,77,8
2018/6/29,28.2,0,12.8,0,6.9,73,4
2018/6/30,28.6,0,13.1,0,5.8,74,6
2018/7/1,28.1,0,13.1,0,5.1,75,1.5
2018/7/2,28.8,0,13.6,0,3.7,70,0
2018/7/3,28.4,0,11.4,0,5,69,7.8
2018/7/4,27.6,0,2.6,0,6.6,75,10
2018/7/5,26.7,2,0.1,0,6.9,79,10
2018/7/6,21.7,28.5,0,0,3.1,99,10
2018/7/7,25,0,3.1,0,3.8,86,10
2018/7/8,27.4,0,6.8,0,3.9,79,10
2018/7/9,27.3,3.5,5.1,0,3.2,86,7.8
2018/7/10,28.5,0,10.5,0,3.7,78,6
2018/7/11,29,0,5.5,0,2.1,75,10
2018/7/12,26.6,3.5,3.9,0,2.6,83,10
2018/7/13,29.1,0,8.7,0,2.7,75,8.5
2018/7/14,30.1,0,8.9,0,2.8,70,7
2018/7/15,29.7,0,11.1,0,3.2,78,3
2018/7/16,29.9,0,11.1,0,3,78,9.8
2018/7/17,29.9,0,10.2,0,3.4,78,10
2018/7/18,30.5,0,11.2,0,3,75,5.3
2018/7/19,29.9,0,11.2,0,3.6,78,7.3
2018/7/20,29.9,0,12.5,0,4.4,75,3.5
2018/7/21,30.5,0,12.6,0,3.2,72,6.5
2018/7/22,31,0,9.9,0,2.4,73,8.3
2018/7/23,32.2,0,10,0,2.9,59,7.5
2018/7/24,29.8,2.5,7.9,0,2.8,76,6.3
2018/7/25,28.1,0,3.3,0,3,81,10
2018/7/26,26.5,0,3.1,0,2.9,68,9.8
2018/7/27,25.4,0,2.9,0,3.1,69,9.5
2018/7/28,24,52,0.2,0,4.2,96,10
2018/7/29,27.9,15,5.9,0,3.6,85,9
2018/7/30,28,0,2.6,0,2.6,82,8.8
2018/7/31,28.4,0,8.2,0,2.6,79,4.5
2018/8/1,30.3,0,12.5,0,2.6,73,1.8
2018/8/2,31.2,0,8.3,0,2.5,70,6.5
2018/8/3,30.5,0,6.4,0,2.6,74,6
2018/8/4,29.8,0,11.1,0,2.8,72,7.3
2018/8/5,30.4,0,9.9,0,3.3,77,4.5
2018/8/6,28.7,0,5.2,0,3,80,10
2018/8/7,22.2,4.5,0,0,3.3,93,10
2018/8/8,23.6,41,0,0,3.9,95,10
2018/8/9,27.4,4,1.9,0,5,85,8.3
2018/8/10,29.8,0,10.7,0,3.8,76,5.8
2018/8/11,28.7,0.5,5.4,0,2.3,85,9.5
2018/8/12,27.7,0,0.4,0,2.2,85,10
2018/8/13,27.5,10.5,4.6,0,2,91,10
2018/8/14,28.8,0,10.8,0,3.8,79,6
2018/8/15,29.7,0,11.8,0,5.8,72,9.5
2018/8/16,29.1,0,6.3,0,5.9,72,9
2018/8/17,26.3,0,10.5,0,5.5,44,4
2018/8/18,22.7,0,11.5,0,2.9,57,7.8
2018/8/19,23.6,0,9.1,0,2.5,66,7.8
2018/8/20,24.7,0,0.3,0,1.7,74,10
2018/8/21,28.2,0,8.3,0,3.5,80,6
2018/8/22,29.7,0,11.8,0,4.9,75,2.8
2018/8/23,29.4,0,5.9,0,4.8,78,8.5
2018/8/24,28.2,7.5,2.9,0,7.4,84,10
2018/8/25,31.1,0,11.6,0,4.3,70,5.5
2018/8/26,31,0,12.2,0,2.1,72,3.5
2018/8/27,29.4,16,9.8,0,2.9,74,4.5
2018/8/28,26.6,1,1.9,0,2.3,84,10
2018/8/29,26.1,0.5,0.6,0,2.4,86,10
2018/8/30,28.8,0,6.1,0,2.9,77,9.3
2018/8/31,28.7,1,9.6,0,2.5,77,9.3
2018/9/1,25.9,6,0.9,0,2.5,86,8.5
2018/9/2,22.1,7.5,0,0,2,95,10
2018/9/3,23.6,4,1.4,0,1.8,95,10
2018/9/4,26.5,14.5,0,0,5.9,90,10
2018/9/5,27.6,8.5,9.1,0,6.6,75,6.5
2018/9/6,27.6,0,6.2,0,3.7,67,8.8
2018/9/7,27.5,0,1.4,0,5.4,75,9.3
2018/9/8,28.8,0,10.3,0,5.3,74,8.3
2018/9/9,28.3,0,8.1,0,4.9,76,8.3
2018/9/10,25.5,38.5,3.5,0,3.6,89,10
2018/9/11,21.4,4,0.3,0,3.7,81,10
2018/9/12,21,0,3.3,0,2.9,70,9.5
2018/9/13,22.4,0,4.3,0,2.1,78,10
2018/9/14,21.9,7.5,0.2,0,2,93,10
2018/9/15,20.5,14.5,0,0,1.5,100,10
2018/9/16,23.1,0,4.1,0,1.8,89,8.8
2018/9/17,24.7,26,6.8,0,2.3,86,9.5
2018/9/18,23.3,40.5,6.8,0,2.7,88,7.8
2018/9/19,22.2,0,8,0,2.8,72,7.3
2018/9/20,19.9,40.5,0,0,2.1,85,10
2018/9/21,17.7,36,0,0,3.5,100,10
2018/9/22,21.5,0,3.1,0,1.2,95,8.5
2018/9/23,24.5,0,5,0,2.3,77,9.3
2018/9/24,24.4,1.5,2.3,0,2,84,9.8
2018/9/25,21.3,14.5,0,0,2.5,95,10
2018/9/26,17.7,38.5,0,0,2.5,96,10
2018/9/27,15.9,19,0,0,2.9,99,10
2018/9/28,19.7,0,11.4,0,2.1,77,1.5
2018/9/29,18.8,9.5,0,0,2.1,95,10
2018/9/30,20.4,34,0.2,0,3.5,97,10
2018/10/1,26.1,18,10.7,0,6.1,62,6.5
2018/10/2,22,0,10.7,0,2.9,56,3.3
2018/10/3,21,0,0.7,0,2.3,77,8.3
2018/10/4,20.1,0,0,0,2.4,78,10
2018/10/5,18.7,9.5,0,0,2.4,95,10
2018/10/6,23.7,0,7.3,0,3.4,89,7.3
2018/10/7,27.5,0,10.7,0,4.4,65,2.8
2018/10/8,21.9,0,0,0,2.7,73,9
2018/10/9,21.9,0,5.7,0,2.2,76,5.8
2018/10/10,22.4,0.5,5.9,0,2.4,79,9
2018/10/11,21.7,1,0,0,2,93,10
2018/10/12,20,0,0.3,0,2.8,77,10
2018/10/13,17.4,0,0,0,2.6,65,10
2018/10/14,16.4,7.5,1,0,2.3,85,9.8
2018/10/15,18.1,0.5,0.5,0,1.5,81,10
2018/10/16,18.4,0,2.1,0,2.1,79,9
2018/10/17,18.2,1,4.2,0,2.5,77,9.5
2018/10/18,17.2,0,3.8,0,2.6,73,5.8
2018/10/19,16.6,0.5,0.6,0,2.5,79,9.5
2018/10/20,16.6,9,6.4,0,2.8,79,7.5
2018/10/21,16.6,0,10.1,0,2.6,56,0
2018/10/22,16.6,0,9.6,0,2.1,63,3.5
2018/10/23,14.6,1.5,0.4,0,2.7,85,10
2018/10/24,17.7,0.5,5.8,0,2.2,81,7.8
2018/10/25,18.1,0,9.4,0,2.3,62,2
2018/10/26,18,0,2.6,0,2.3,68,9.5
2018/10/27,19.1,12,3.7,0,2.1,90,7.3
2018/10/28,16.9,0,3,0,2.2,73,5
2018/10/29,17,0,9.7,0,2.4,74,0
2018/10/30,17,0,8.6,0,2.3,62,1.5
2018/10/31,15,0,5.5,0,2.6,50,8.8
2018/11/1,14.7,0,8.9,0,3.1,47,4.3
2018/11/2,14.5,0,9.6,0,2.2,58,2
2018/11/3,14.9,0,7.3,0,2.1,70,3.5
2018/11/4,14.8,0,0,0,2,81,9.8
2018/11/5,18,1.5,2.6,0,1.8,88,9.3
2018/11/6,17.6,35.5,0.2,0,1.9,97,10
2018/11/7,16.6,0,4.7,0,2.8,74,7.5
2018/11/8,16.9,0,5.7,0,2.7,73,7
2018/11/9,15.6,7,0,0,1.8,100,10
2018/11/10,18.1,1.5,7.2,0,2.2,84,6.3
2018/11/11,16.3,0,6.8,0,2,62,5
2018/11/12,15.7,0.5,0.5,0,1.8,79,10
2018/11/13,14.9,1.5,0,0,2.7,83,10
2018/11/14,13.6,0,8.2,0,2.7,60,4.3
2018/11/15,12.5,0,9.4,0,2.1,60,0
2018/11/16,13,0,6,0,1.9,71,7
2018/11/17,14.9,0,8.9,0,2.1,62,6.5
2018/11/18,13.8,0,3.9,0,2.1,70,10
2018/11/19,13.4,8.5,0.3,0,1.9,85,10
2018/11/20,11.3,1,3.8,0,2.1,70,7.3
2018/11/21,11.6,1.5,8.5,0,1.6,70,5.3
2018/11/22,10.7,4,0.3,0,2,81,7.5
2018/11/23,10.8,0,7.6,0,2.3,51,4.3
2018/11/24,9.4,0,1.4,0,2,60,8
2018/11/25,10.1,0,8,0,2,69,8.3
2018/11/26,12.4,0,6.2,0,1.9,70,9.8
2018/11/27,13.8,0,5.1,0,1.9,76,5.5
2018/11/28,14.1,0,7.9,0,1.6,74,5
2018/11/29,12.8,0.5,3.1,0,2.5,74,10
2018/11/30,12.4,0,8.9,0,2.4,56,2.8
2018/12/1,12,0,8.4,0,2.7,57,5.3
2018/12/2,10,0,0,0,2.2,58,10
2018/12/3,13.2,0,1.9,0,1.5,69,10
2018/12/4,17.7,0,6,0,2.9,76,9.3
2018/12/5,16.8,0,1,0,3.1,60,8.5
2018/12/6,10.1,18,0,0,2.4,92,10
2018/12/7,12.2,0,1.3,0,1.8,85,10
2018/12/8,9.3,0,3.8,0,2.3,66,7.3
2018/12/9,7.8,0,2.3,0,3.1,43,8.3
2018/12/10,5.9,0,1.5,0,2.5,52,6.3
2018/12/11,4.7,7,0.8,0,2.4,72,7.5
2018/12/12,6.9,15,0.7,0,3.4,83,9
2018/12/13,6.7,0.5,0.4,0,2.6,62,6.8
2018/12/14,6.3,0,7.6,0,4,52,3.5
2018/12/15,6.1,0,8.9,0,3.3,42,1.3
2018/12/16,3.3,0,1.7,0,1.7,66,7
2018/12/17,6.6,2.5,4.6,0,1.6,84,6
2018/12/18,8.9,0,8.5,0,2.9,61,2.5
2018/12/19,8.2,0,8.6,0,2,58,0.5
2018/12/20,8.7,0,6.4,0,1.6,64,6.3
2018/12/21,8.9,0,8.2,0,1.8,62,3.3
2018/12/22,9,0.5,0.3,0,1.7,76,9.3
2018/12/23,9.9,0.5,0.3,0,1.7,87,9.8
2018/12/24,8.2,0,8.2,0,4,48,2.3
2018/12/25,5.8,0,7.9,0,1.8,52,7.3
2018/12/26,7.3,0,4.2,0,1.6,58,7.3
2018/12/27,9,0,8,0,2.3,54,3
2018/12/28,4.8,0,8.9,0,4.6,36,0.5
2018/12/29,4.3,0,7.4,0,3.1,35,2
2018/12/30,4.8,0,8.8,0,3.9,37,0.3
2018/12/31,4.9,0,8.7,0,2.8,44,4
2019/1/1,5.3,0,8.9,0,2.3,54,0.5
2019/1/2,6.2,0,8.7,0,2.9,47,0.3
2019/1/3,4.9,0,8.9,0,3.1,49,0
2019/1/4,5.1,0,8.9,0,2,59,1.5
2019/1/5,7.4,0,8.9,0,2.1,52,0.5
2019/1/6,5.3,0,2.7,0,3,44,6.3
2019/1/7,5.4,0,8.8,0,2.8,42,1.5
2019/1/8,4.6,0,8.5,0,1.6,59,4.3
2019/1/9,4.5,0,9,0,4.7,46,0.8
2019/1/10,2,0,1.8,0,1.8,48,3.8
2019/1/11,6.4,0,8.8,0,2.9,47,0.8
2019/1/12,4.6,0,0,0,2,67,10
2019/1/13,6.2,0,6.6,0,2.2,62,5.3
2019/1/14,5.6,0,9.1,0,2,59,0.8
2019/1/15,5.6,0.5,2.9,0,2.3,76,6
2019/1/16,6.6,0,6.8,0,2.9,50,7.5
2019/1/17,6.6,0,8.8,0,2.2,51,3
2019/1/18,5.9,0,9.2,0,3.9,35,0
2019/1/19,6.6,0,9,0,2.5,40,1.3
2019/1/20,7.1,0,8.1,0,2.4,51,0.8
2019/1/21,5.8,0,9.2,0,3.2,39,0.3
2019/1/22,5,0,8.7,0,2.7,48,0.8
2019/1/23,6.7,0,9,0,2.6,53,3
2019/1/24,6.2,0,9.2,0,4.4,36,0
2019/1/25,6,0,3.5,0,3,41,5.8
2019/1/26,4.5,0,6.1,0,4.4,50,4.5
2019/1/27,4.6,0,9.4,0,4.4,43,0
2019/1/28,6.5,0,5,0,2.6,49,5
2019/1/29,6,0,9.3,0,5.3,39,0.3
2019/1/30,5.2,0,8.4,0,1.9,58,2
2019/1/31,5.1,15.5,0,0,1.9,72,10
2019/2/1,4.1,0,9.4,0,4.1,45,0.5
2019/2/2,6,0,9.5,0,2,54,0.8
2019/2/3,8.5,0,8.5,0,2.1,58,3
2019/2/4,13.2,0,8.9,0,4.3,54,2.3
2019/2/5,6.7,0,0,0,2.4,55,9
2019/2/6,5.7,15,0.5,0,2.3,89,7.5
2019/2/7,9.6,0,6.6,0,2.2,79,7.8
2019/2/8,6.1,0,3.5,0,3.8,39,7.3
2019/2/9,0.8,2,0,0,2.6,83,10
2019/2/10,3.5,0,8.7,0,2.9,56,7.8
2019/2/11,3,0,0,0,1.8,70,10
2019/2/12,6.2,0,4.9,0,2.7,47,4
2019/2/13,5.2,0,1.1,0,2.2,55,9.3
2019/2/14,4.5,0,7.4,0,3.8,40,7.5
2019/2/15,3,0,0,0,2,64,9.5
2019/2/16,6.8,0,6,0,2.3,50,6.8
2019/2/17,6.4,0,6.4,0,3.8,36,4.3
2019/2/18,8.2,0,9.9,0,2.4,49,0.8
2019/2/19,9.1,1.5,0,0,2,74,10
2019/2/20,11.6,0.5,6.5,0,2.3,81,6.8
2019/2/21,10.3,0,7,0,3.9,46,3.3
2019/2/22,9.3,0,7.9,0,2.5,62,7.8
2019/2/23,8.9,0,8.2,0,4,44,6.5
2019/2/24,8.8,0,9.3,0,2.6,52,6.3
2019/2/25,11.3,0,4.1,0,1.8,62,7.8
2019/2/26,10.2,0,2.4,0,2.6,59,8.3
2019/2/27,7.7,0.5,1.3,0,2,54,10
2019/2/28,6.6,22.5,0,0,2.3,92,10
2019/3/1,8.8,1.5,2.4,0,2,78,8.8
2019/3/2,10.3,0,9.6,0,3.6,39,5.3
2019/3/3,6.5,13.5,0,0,2.7,82,10
2019/3/4,7.3,27.5,0,0,3.5,99,10
2019/3/5,9.6,0.5,9.1,0,2.4,73,6
2019/3/6,10.8,3,0,0,1.5,82,10
2019/3/7,8.2,28,0,0,2.6,97,9.3
2019/3/8,7.3,0,11.3,0,4.8,47,0
2019/3/9,10,0,11.3,0,3.6,52,2
2019/3/10,12.5,6.5,3.5,0,2,67,9.8
2019/3/11,12.3,32,4.3,0,3.5,76,6.5
2019/3/12,12.4,0,8.5,0,3,52,2.5
2019/3/13,11.7,0,9.1,0,3.6,51,2
2019/3/14,8.4,0,8.8,0,2.4,38,4.3
2019/3/15,9.7,0,9.8,0,3.2,45,3.3
2019/3/16,8.9,0,2.8,0,2.4,64,6.3
2019/3/17,9.1,0,9.1,0,2.7,42,5
2019/3/18,9.7,0,10.9,0,3.2,49,4
2019/3/19,13.2,0,8.2,0,2.2,52,10
2019/3/20,15,0,10.9,0,2.7,47,2
2019/3/21,17.7,0,6,0,5.9,73,8.3
2019/3/22,16.2,0,5.5,0,3.7,55,9.8
2019/3/23,7.1,0,0,0,3.2,52,10
2019/3/24,8.2,0,10.7,0,2.5,37,0.8
2019/3/25,9.9,0,7.3,0,2.4,50,7.5
2019/3/26,11.9,0,3.8,0,2.1,58,5.8
2019/3/27,14.2,0,10.8,0,4.3,39,3
2019/3/28,13.6,0,1.4,0,3.4,44,9.3
2019/3/29,7.7,0,0,0,2.6,56,10
2019/3/30,8.7,3.5,0,0,2.2,80,10
2019/3/31,10.5,1.5,2.2,0,2.2,73,7.3
2019/4/1,8.8,5.5,6.2,0,3.1,60,6
2019/4/2,7.2,0,7.2,0,3.1,55,3.8
2019/4/3,8.1,0,12,0,3.8,39,0.3
2019/4/4,10.6,0,11.7,0,2.8,45,1.5
2019/4/5,15.4,0,11.6,0,4,45,3.5
2019/4/6,15.9,0,10.4,0,2.8,42,2.8
2019/4/7,15.5,0,8.5,0,2.2,55,3.5
2019/4/8,9.3,11,0.5,0,3.1,79,10
2019/4/9,10.3,0,11.9,0,3.8,51,2.3
2019/4/10,5.7,29.5,0,0,2.8,90,10
2019/4/11,10.4,1.5,8.8,0,4.8,59,9.5
2019/4/12,9.6,0,1.5,0,2.3,52,10
2019/4/13,12.1,0,11.7,0,3.2,46,2.8
2019/4/14,14.7,0,3.5,0,3.6,59,10
2019/4/15,16,5,9.5,0,4,54,4
2019/4/16,15.3,0,12.2,0,4.2,44,2.3
2019/4/17,15.5,0,0.3,0,2.6,65,9.5
2019/4/18,17.5,0,8.7,0,3,62,5.3
2019/4/19,18.3,0,9.2,0,2.9,68,9.8
2019/4/20,14.2,0,11.3,0,3.7,63,5.3
2019/4/21,17.5,0,7.9,0,2.3,73,8
2019/4/22,19.2,0,8.9,0,2.6,69,9
2019/4/23,18.7,0,7.3,0,3.3,61,10
2019/4/24,19.1,3,0,0,4.5,87,10
2019/4/25,20.3,4,2.3,0,2.8,93,8.8
2019/4/26,11.6,4.5,0,0,3.3,93,10
2019/4/27,10.2,6.5,0.3,0,3.3,78,7.5
2019/4/28,12.6,0,9,0,3.9,45,6.3
2019/4/29,14.8,0,2,0,3.1,64,10
2019/4/30,14.8,20,0,0,3.1,96,10
2019/5/1,17.4,26,2.3,0,2.3,92,10
2019/5/2,17.3,3.5,6.3,0,1.9,71,6
2019/5/3,18.5,0,10.4,0,2.3,51,9
2019/5/4,18.4,0,5.3,0,2.5,68,7.8
2019/5/5,18.9,0,12.5,0,3,65,5.3
2019/5/6,18.8,0,1.2,0,4.5,70,8.3
2019/5/7,15.3,0,4.8,0,3.3,53,7.5
2019/5/8,16.5,0,12.5,0,4.2,42,2.5
2019/5/9,18.6,0,3,0,3.7,51,8.3
2019/5/10,20.6,0,10.2,0,2.6,46,6.8
2019/5/11,20.9,0,10.7,0,2.7,62,5.5
2019/5/12,17.6,0,6.6,0,3.1,71,8.3
2019/5/13,17.7,0,3.9,0,3.1,68,9.8
2019/5/14,17.9,0.5,0,0,3.6,81,9.8
2019/5/15,18.7,0,7.4,0,3.6,72,9.5
2019/5/16,20,0,8.5,0,2.7,66,6.8
2019/5/17,20,0,11.3,0,3,68,2.8
2019/5/18,20.3,0,8,0,3.5,66,8.8
2019/5/19,20.5,0,7,0,3.9,65,8.5
2019/5/20,20.5,0,5.5,0,4.3,73,9.3
2019/5/21,19.4,82,0,0,4.6,99,10
2019/5/22,19.4,0,11.1,0,2.6,62,8
2019/5/23,21.3,0,12.2,0,3,51,4
2019/5/24,23.1,0,13.1,0,2.7,49,0.3
2019/5/25,24.4,0,13.4,0,2.7,52,0
2019/5/26,25.2,0,12.6,0,2.3,58,5.3
2019/5/27,26.1,0,12.6,0,3,60,5
2019/5/28,23.5,1,1.2,0,5.8,61,10
2019/5/29,20.2,7.5,2.9,0,3.4,85,10
2019/5/30,21.2,0,12.2,0,3.6,61,5.8
2019/5/31,21.6,0,0.7,0,3.8,74,10
2019/6/1,21.8,0,3.8,0,2.8,71,10
2019/6/2,22,0,0.3,0,2.3,76,10
2019/6/3,22.2,0,5.6,0,2.9,74,9.5
2019/6/4,22.4,0,7.9,0,3.1,75,7.8
2019/6/5,22.6,0,2.4,0,2.9,77,9.3
2019/6/6,25.2,0,11,0,2.7,69,6
2019/6/7,21,19.5,0,0,2.1,94,10
2019/6/8,20.8,0,1.7,0,2.2,88,9.3
2019/6/9,17.5,10,0,0,2.7,89,10
2019/6/10,16.2,92.5,0,0,2.9,100,10
2019/6/11,18.3,1,1.9,0,2.8,79,8.8
2019/6/12,18,0.5,0.3,0,2.1,78,9.5
2019/6/13,20.7,0,13.6,0,3.2,74,1.5
2019/6/14,22.2,0,8.5,0,3.7,72,7.5
2019/6/15,17.3,51,0,0,2.6,99,10
2019/6/16,23.5,5,9.9,0,3.6,66,3.3
2019/6/17,23.6,0,11.6,0,4.2,50,6.5
2019/6/18,23.4,0,7.6,0,3.5,67,6
2019/6/19,23.5,0,9.7,0,3,76,6
2019/6/20,24.1,0,4.5,0,2.7,77,9.3
2019/6/21,24.6,0,5.1,0,4,80,10
2019/6/22,22.2,6,0.5,0,3,91,8
2019/6/23,21.4,0,0,0,2.2,88,10
2019/6/24,19.1,25.5,0.8,0,2.5,98,10
2019/6/25,22.3,0,7.5,0,2.6,81,6.8
2019/6/26,24.7,0,11.8,0,3.7,75,8.5
2019/6/27,25.6,2,2.6,0,4.4,80,10
2019/6/28,25.2,3.5,0.9,0,3,87,10
2019/6/29,20.2,3,0,0,1.9,99,10
2019/6/30,21.6,5.5,0,0,1.6,99,10
2019/7/1,22.7,1.5,0,0,1.6,100,10
2019/7/2,23.8,0.5,0.7,0,1.6,94,10
2019/7/3,24.9,1,1.8,0,2.1,86,10
2019/7/4,22.7,10.5,0.1,0,3.7,95,10
2019/7/5,21.9,4.5,0.4,0,2.2,84,9
2019/7/6,21,14.5,0,0,3,93,10
2019/7/7,19.2,22.5,0,0,3.2,99,10
2019/7/8,20.3,0,1.4,0,2.8,81,10
2019/7/9,19.7,0,0,0,2.6,79,10
2019/7/10,21,0,0.8,0,2.7,75,9.3
2019/7/11,19.9,2,0,0,2.2,84,10
2019/7/12,20.2,12.5,0,0,1.6,100,10
2019/7/13,23.4,0.5,0.2,0,2.1,90,10
2019/7/14,21.3,39,0,0,1.9,100,10
2019/7/15,21.3,7,0.2,0,2.6,93,10
2019/7/16,20.5,33.5,0,0,1.9,100,10
2019/7/17,23.9,0.5,4.4,0,2.1,89,8.5
2019/7/18,25.6,9.5,0.6,0,2,89,10
2019/7/19,26.7,3.5,3.8,0,2.7,89,9.5
2019/7/20,26.5,0,0,0,1.9,89,10
2019/7/21,25,0,0,0,2.1,93,10
2019/7/22,22.7,0.5,0,0,1.8,98,10
2019/7/23,24.5,4,1.1,0,1.9,95,9.8
2019/7/24,26.8,6,5.2,0,2.4,86,7.8
2019/7/25,28,0,7.2,0,2.9,82,7.5
2019/7/26,28.5,0.5,11.3,0,4.2,76,4.8
2019/7/27,28,4,4.8,0,5.4,86,8
2019/7/28,27.7,15,5.6,0,3.6,88,8.3
2019/7/29,29,0,9.2,0,2.6,83,5.5
2019/7/30,29.5,0,10.5,0,3,81,4.3
2019/7/31,30,0,11.8,0,2.8,81,7.8
2019/8/1,30.5,0,9.2,0,2.5,80,1.8
2019/8/2,30.2,0,10.1,0,2.7,80,2.8
2019/8/3,29.4,0,12.2,0,2.9,78,1
2019/8/4,29.4,0,11.5,0,2.8,76,3
2019/8/5,29.8,0,11.1,0,3,75,2.8
2019/8/6,30.3,0,10.5,0,3.8,76,7.5
2019/8/7,30.4,0,9.5,0,3.1,74,6.5
2019/8/8,29.9,0,9.1,0,2.8,78,4.3
2019/8/9,30.1,0,10.8,0,3.3,74,6.5
2019/8/10,29.6,0,9.4,0,3.2,76,4.3
2019/8/11,29.4,0,8.8,0,2.8,76,6
2019/8/12,28.8,0.5,6.6,0,2.6,81,10
2019/8/13,29.3,0,3.6,0,2.6,83,6.8
2019/8/14,29.2,8.5,3.8,0,3.8,85,9
2019/8/15,29.2,20,2.9,0,6.4,83,8.5
2019/8/16,29,0,3,0,7.1,79,9
2019/8/17,30.3,0,11.2,0,3.7,73,1
2019/8/18,30.1,0,8,0,2.4,73,5.8
2019/8/19,28.1,0.5,1.4,0,3.2,83,9.8
2019/8/20,26.5,13,0.6,0,2.3,91,9.3
2019/8/21,27,3,2.8,0,2.9,83,9.3
2019/8/22,26,20,0.5,0,2.3,91,10
2019/8/23,26.3,4.5,0.2,0,3,94,10
2019/8/24,27.3,0,7,0,2.5,79,7.8
2019/8/25,25.8,15,9.3,0,2.5,78,6.5
2019/8/26,25.3,0,2.1,0,2.8,76,7.5
2019/8/27,25.3,6,2,0,2.4,84,10
2019/8/28,25.6,7,0,0,4.4,91,9.8
2019/8/29,28.9,0,6.9,0,3.4,75,7.8
2019/8/30,26,12,0,0,3.2,89,8.3
2019/8/31,27.3,0,3.7,0,2.1,81,9
2019/9/1,27.7,0,3.3,0,2.3,77,10
2019/9/2,27.6,0,4.8,0,2.4,83,6.8
2019/9/3,25.8,1.5,0,0,2.6,88,8.5
2019/9/4,23.7,0,0.1,0,2.5,84,10
2019/9/5,25.7,0,0.5,0,1.8,81,10
2019/9/6,27.9,0,9.5,0,2.8,79,3.8
2019/9/7,28.4,0,6.3,0,2.7,80,5.5
2019/9/8,29.1,8.5,6.3,0,3.1,82,6.3
2019/9/9,29,119,5.7,0,5.6,79,8
2019/9/10,29.9,0.5,10.1,0,2.4,74,7.5
2019/9/11,27.4,7.5,3.8,0,2.4,88,7.5
2019/9/12,25.1,0,4.6,0,3.1,70,7.3
2019/9/13,22.4,0,0,0,2.8,67,10
2019/9/14,22.1,0,0.4,0,2.1,80,10
2019/9/15,25.2,0.5,7.1,0,2.7,75,7
2019/9/16,22.9,28.5,0.3,0,2.2,99,7.5
2019/9/17,25.8,0,10.6,0,2.7,79,5.5
2019/9/18,21.2,9.5,1,0,2.4,90,9.3
2019/9/19,22.1,0,7.1,0,2.7,75,7.8
2019/9/20,22.8,0,7.4,0,2.4,65,9.5
2019/9/21,21.8,0,0,0,2.3,75,10
2019/9/22,22.4,17,6.1,0,2.3,80,9.5
2019/9/23,26,3.5,3.6,0,5.5,85,9
2019/9/24,25.4,1,5.8,0,2.6,75,6.8
2019/9/25,24.3,0,7,0,2.6,69,7.5
2019/9/26,22.8,0,6.5,0,2.5,73,7
2019/9/27,23,0,7.8,0,2.2,76,5
2019/9/28,24.4,0,5.4,0,2.9,74,9.3
2019/9/29,24.7,0,2.6,0,2.4,83,9.8
2019/9/30,25.2,0,3.9,0,2.2,70,6.8
2019/10/1,24.5,0,9.6,0,2.3,70,5.3
2019/10/2,23.9,0,7.9,0,2.2,75,4.3
2019/10/3,24.5,0,3.3,0,3.9,74,8.8
2019/10/4,24.8,10,5.6,0,5,76,7.3
2019/10/5,26.1,0,10.6,0,3.7,58,2.5
2019/10/6,20.5,5.5,0.5,0,3.1,85,9.8
2019/10/7,20,7,3,0,2.3,79,8.8
2019/10/8,21.7,5.5,1.2,0,2.4,89,10
2019/10/9,20.8,0,10,0,3.5,50,2.8
2019/10/10,19.4,9,5.7,0,2.7,73,5.8
2019/10/11,19.6,7.5,0,0,2.7,97,10
2019/10/12,23.3,209.5,0,0,5.5,98,10
2019/10/13,24.5,0,10.7,0,4.4,53,2.8
2019/10/14,17,5,0,0,3,88,10
2019/10/15,18.4,0,2.6,0,2.8,80,10
2019/10/16,16.1,0,0,0,2.2,69,9.5
2019/10/17,16.2,4.5,0,0,1.8,87,10
2019/10/18,16.5,5.5,0,0,2.5,91,10
2019/10/19,17.4,53.5,0,0,2.3,99,9.5
2019/10/20,20.1,0,1.6,0,1.9,85,10
2019/10/21,18.2,6.5,0,0,2.8,78,10
2019/10/22,15.4,65,0.1,0,3.6,93,9.8
2019/10/23,18.5,0,9.4,0,2.1,76,5.3
2019/10/24,18.1,3,0.3,0,3.1,81,10
2019/10/25,15.1,120.5,0,0,3.9,99,10
2019/10/26,18.1,0.5,6.5,0,2.1,86,7
2019/10/27,18.3,0,3.1,0,2.1,78,9.5
2019/10/28,17.4,0,6.4,0,2.5,71,7
2019/10/29,14.5,11.5,0,0,2.3,93,7.8
2019/10/30,16.5,0,9,0,1.4,81,3.5
2019/10/31,16.8,0,5.7,0,1.8,83,5
2019/11/1,17.4,0,9.5,0,2,73,0
2019/11/2,15.7,0,8.4,0,2.2,63,4
2019/11/3,15.8,10.5,0.9,0,2,79,10
2019/11/4,14.6,1,8.9,0,2.2,74,4.5
2019/11/5,13.7,0,9.5,0,2.1,58,0
2019/11/6,14.3,0,9.5,0,1.8,61,0
2019/11/7,16,0,6,0,2.8,62,5.3
2019/11/8,15.1,0,8.9,0,2.9,54,4
2019/11/9,13.3,0,7,0,2.2,62,6.5
2019/11/10,13.9,0,9.2,0,2.3,64,3.8
2019/11/11,12.9,6.5,1.9,0,2,89,8.3
2019/11/12,15.1,0,9.4,0,3.2,59,0.3
2019/11/13,13.3,0.5,0.5,0,2.2,62,8
2019/11/14,16.9,0,5.6,0,3.3,58,5.3
2019/11/15,12.6,0,8.8,0,1.9,64,2.8
2019/11/16,12.8,0,9.3,0,1.9,65,0.3
2019/11/17,13.4,0,9.3,0,2.8,54,3.8
2019/11/18,16.1,0,6.6,0,4.3,68,6.8
2019/11/19,15.8,3,4.3,0,2.6,74,8
2019/11/20,12,0,7.6,0,4,40,3.8
2019/11/21,11.3,0,7.6,0,2.6,46,3.3
2019/11/22,8.1,47,0,0,3,87,10
2019/11/23,11.3,60.5,0,0,3.5,100,10
2019/11/24,15.9,19,0,0,2.3,99,10
2019/11/25,16.6,1,3.8,0,2.2,89,8
2019/11/26,8.8,1.5,0,0,3.2,81,10
2019/11/27,9.3,2.5,0,0,1.8,89,10
2019/11/28,8.5,3.5,0,0,2.5,84,10
2019/11/29,5.2,0,8.9,0,2.4,56,0.5
2019/11/30,7.3,0,8.9,0,2.4,56,0
2019/12/1,7.4,0,3.4,0,1.7,67,6.8
2019/12/2,9.5,36,0,0,2,94,8
2019/12/3,11.8,0,4.5,0,2.4,55,2.8
2019/12/4,10.2,0,8.8,0,2.1,51,0
2019/12/5,9.6,0,7.6,0,2.3,50,4.5
2019/12/6,8,0,0.2,0,2.2,52,10
2019/12/7,5.5,1.5,0,0,1.9,74,10
2019/12/8,7.4,0,8.8,0,1.9,59,0
2019/12/9,6.4,1,1.5,0,2.7,66,7.5
2019/12/10,10.2,5.5,2.1,0,1.9,87,10
2019/12/11,11.7,0.5,1.2,0,1.9,86,10
2019/12/12,11.7,0,8.6,0,2.7,62,1.5
2019/12/13,7.5,0,0,0,2.4,52,9.8
2019/12/14,9.4,0,8.9,0,2.4,56,2.5
2019/12/15,8.7,0,6.3,0,3.6,44,5.8
2019/12/16,7.8,0,8.7,0,1.9,60,5
2019/12/17,8.2,1,0,0,1.8,85,8.8
2019/12/18,11.1,0,5.7,0,1.8,78,6.3
2019/12/19,9,0,0,0,2.1,75,10
2019/12/20,10.6,0,8.5,0,2.3,64,6
2019/12/21,8.1,0,0,0,2.1,73,10
2019/12/22,6.8,16.5,0,0,2.2,87,9.8
2019/12/23,6.8,13.5,3.9,0,2.6,86,7
2019/12/24,8.2,0,7.1,0,3.5,53,5.5
2019/12/25,5.9,0,0.5,0,2,56,9.3
2019/12/26,7.8,0,0.1,0,2,68,10
2019/12/27,8.7,0.5,6.5,0,4,68,2.8
2019/12/28,6.8,0,8.8,0,3.5,44,0.5
2019/12/29,7,0,8.3,0,1.9,50,4.8
2019/12/30,6.7,0.5,0,0,1.8,72,10
2019/12/31,8.2,0,8.6,0,3.6,60,2.8
2020/1/1,5.5,0,7.4,0,2.6,49,3
2020/1/2,6.2,0,5.7,0,1.8,60,1
2020/1/3,6.1,0,8.8,0,1.4,63,0
2020/1/4,7.2,0,3.4,0,2.3,53,5.5
2020/1/5,5.4,1,8.9,0,3,61,0
2020/1/6,7.5,0,7.7,0,3,44,5.8
2020/1/7,5.7,2,0.5,0,2,71,9.5
2020/1/8,5.2,11.5,1.1,0,2,97,7.5
2020/1/9,10.6,0,8.4,0,3.6,47,2.5
2020/1/10,8.4,0,7.7,0,2.4,59,4.3
2020/1/11,7,0,3.4,0,1.8,68,5.3
2020/1/12,6.7,0,1.2,0,1.6,72,7.8
2020/1/13,8.5,0,9,0,1.8,68,2.5
2020/1/14,8.4,0,7,0,1.8,71,6.8
2020/1/15,6.8,15,1.8,0,2.5,87,6.5
2020/1/16,6.7,0,3.9,0,2.2,49,6.8
2020/1/17,7.3,0,4.3,0,2.5,59,10
2020/1/18,3.8,8.5,0,0,3.1,84,10
2020/1/19,6.5,0,8,0,2.4,64,5.3
2020/1/20,7.5,0,9.1,0,2,62,2.3
2020/1/21,7.4,0,9.2,0,3.8,46,0
2020/1/22,4.9,0,0.7,0,1.9,55,7.5
2020/1/23,6.1,2.5,0,0,1.8,84,9.8
2020/1/24,9.9,0,0.6,0,1.8,73,8.8
2020/1/25,7.8,0,0.7,0,2.6,47,9.8
2020/1/26,5,6,0,0,1.3,78,10
2020/1/27,5.1,5,0,0,2,72,10
2020/1/28,4.4,55.5,0,0,3.6,98,10
2020/1/29,11.8,28,5.8,0,2.5,83,7.8
2020/1/30,11.7,0,8.6,0,2.1,61,1.8
2020/1/31,8.1,0,6.9,0,4.8,44,3
2020/2/1,7.9,0,9.2,0,3.6,40,0
2020/2/2,8.7,0,9.2,0,2.9,40,5
2020/2/3,9.3,0,4.6,0,2.4,52,9.5
2020/2/4,7.9,0,1.9,0,2.4,54,6.3
2020/2/5,7.6,0,9.1,0,3,49,2.3
2020/2/6,2.9,0,9.4,0,4.9,34,2.5
2020/2/7,2.4,0,8.4,0,2,48,7.3
2020/2/8,6.2,0,9.2,0,2.4,45,5
2020/2/9,3.9,0,9.7,0,4,37,0
2020/2/10,4.6,0,7.3,0,2.2,46,2.8
2020/2/11,6.3,0,9.7,0,2.6,46,0.3
2020/2/12,8.7,0,8.8,0,2,51,7.5
2020/2/13,11.7,0,5.7,0,1.7,61,5
2020/2/14,12,0,3.1,0,1.7,75,7.5
2020/2/15,12.4,0,2.4,0,1.7,66,7.3
2020/2/16,9.3,8.5,0,0,1.8,91,10
2020/2/17,10.3,0,3.5,0,2.3,86,7.3
2020/2/18,7.6,0,9.2,0,2.7,44,2.8
2020/2/19,8.1,0,9.5,0,2.7,44,4
2020/2/20,9,0,4.6,0,2.2,58,7.8
2020/2/21,10,0,9.1,0,2.8,64,2.8
2020/2/22,12.5,2.5,4.1,0,4.1,77,6.8
2020/2/23,10.4,0,9.7,0,3.3,35,1.8
2020/2/24,9.8,0,9.5,0,2.5,50,3.3
2020/2/25,10.5,0,3.6,0,2.1,60,10
2020/2/26,8.1,3,0,0,2.2,88,10
2020/2/27,7,0,10.6,0,4.2,49,0.8
2020/2/28,7,0,9,0,2.7,48,6
2020/2/29,9.4,1,6,0,2.2,64,8
2020/3/1,12,0.5,9.5,0,2.4,65,7.3
2020/3/2,7.3,10,0,0,2.5,94,10
2020/3/3,11.3,0,10.1,0,3.2,59,6.5
2020/3/4,8.9,1.5,0,0,2.1,85,10
2020/3/5,9.2,1,5.9,0,5.1,53,4.8
2020/3/6,9.4,0,10.7,0,4,33,0.3
2020/3/7,7.3,1.5,0,0,2.4,68,10
2020/3/8,7.2,6,0,0,2.5,94,10
2020/3/9,13.1,0,3.9,0,2.7,79,7.5
2020/3/10,14.7,24.5,0,0,2.5,97,7.5
2020/3/11,15.3,0,7.9,0,3.3,58,6.3
2020/3/12,11.4,0,10,0,4.1,48,1
2020/3/13,12.5,0,7,0,2.4,62,7.5
2020/3/14,5.5,25,0,0,3.2,88,9.3
2020/3/15,7.1,0,8.4,0,2.6,67,4
2020/3/16,7.1,0,9.2,0,4.7,55,2
2020/3/17,7.7,0,8.4,0,3.3,47,2.5
2020/3/18,11.9,0,10.7,0,2.7,52,0.3
2020/3/19,14.6,1,11,0,3.7,65,2.5
2020/3/20,14.5,0,8.9,0,3.5,48,3
2020/3/21,13.8,0,11,0,2.9,44,0.5
2020/3/22,16.8,0,9.8,0,3.5,49,6.8
2020/3/23,10.3,0,2.4,0,2.7,59,8.5
2020/3/24,8.2,0,11.3,0,4.7,44,2.5
2020/3/25,10,0,11.9,0,3,45,0.5
2020/3/26,13,0,10.6,0,2.2,50,3.5
2020/3/27,16.2,0,1.4,0,4.7,69,8
2020/3/28,15.5,8.5,0.9,0,4.4,83,10
2020/3/29,3.6,51.5,0,1,2.8,96,10
2020/3/30,7.6,0,1,0,1.9,72,10
2020/3/31,9.8,0,0,0,1.9,79,10
2020/4/1,11.4,31,0,0,2.7,97,10
2020/4/2,13.9,0,11.9,0,6.2,45,3.8
2020/4/3,12.8,0,9.9,0,3.3,50,4.8
2020/4/4,15.7,0,11.5,0,3.9,62,0.5
2020/4/5,10.2,0,1.2,0,2.6,73,6.3
2020/4/6,12.1,0,11.3,0,3,43,4.5
2020/4/7,12.4,0,8.9,0,2.7,50,6.5
2020/4/8,14.3,0,11.7,0,2.6,60,2
2020/4/9,13.3,0.5,8.3,0,3.3,62,5
2020/4/10,11.2,0,9.9,0,3.8,49,6.8
2020/4/11,11.4,0.5,9,0,3.2,48,6.5
2020/4/12,10.3,6.5,0.6,0,2.5,84,10
2020/4/13,8,132,0,0,3.9,97,10
2020/4/14,10.9,1.5,11.8,0,4.7,54,2.5
2020/4/15,13.8,0,9.1,0,3.1,48,7.3
2020/4/16,11.7,0.5,5.9,0,3.7,66,10
2020/4/17,12.4,0.5,4.8,0,3,62,9.5
2020/4/18,12.9,89.5,0.7,0,3.1,96,8
2020/4/19,14.7,0,11.3,0,3.5,64,4.3
2020/4/20,9.7,15,0,0,2.5,94,9.8
2020/4/21,14.2,0,1.6,0,1.7,82,7
2020/4/22,13.5,0,3.4,0,2.3,65,10
2020/4/23,11.9,1,10,0,3.1,56,6.5
2020/4/24,12.2,0.5,7.3,0,3.3,55,7
2020/4/25,12.7,0,12.5,0,3.7,61,0
2020/4/26,18.3,0,10.5,0,5,52,7.5
2020/4/27,12.8,12.5,1.4,0,2.4,78,10
2020/4/28,12.3,5,5,0,2.1,85,9.5
2020/4/29,15.1,0,12.2,0,2.7,69,1.8
2020/4/30,18,0,11.7,0,3,66,0
2020/5/1,19.9,0,11.9,0,4.1,67,4
2020/5/2,20.6,0,12.2,0,2.8,73,0.8
2020/5/3,20.7,0,7.1,0,4.7,70,9.8
2020/5/4,19.3,2,1.5,0,3.1,87,10
2020/5/5,21.3,0,7.7,0,3.2,73,6.5
2020/5/6,15.8,19,0,0,2.1,90,10
2020/5/7,16.5,0.5,12.1,0,3.3,61,4.3
2020/5/8,16.7,0,10.7,0,3.5,48,3.8
2020/5/9,18.3,0,3.4,0,4.3,64,10
2020/5/10,21.5,1,1,0,5.3,82,10
2020/5/11,22.9,0.5,9.1,0,3,80,5.5
2020/5/12,21.7,0,4.7,0,2.8,75,10
2020/5/13,22.3,0,11.1,0,2.7,55,4.5
2020/5/14,20.8,0,12.5,0,3.4,40,4
2020/5/15,21.5,0,8.1,0,3.9,52,7.5
2020/5/16,18.5,24,0,0,4.1,89,10
2020/5/17,21.6,0,11.7,0,2.7,74,5.8
2020/5/18,19.2,2,0,0,2,91,10
2020/5/19,17.7,54.5,0,0,3,97,10
2020/5/20,12.7,3,0,0,2.5,90,10
2020/5/21,12.7,0.5,0,0,2,89,10
2020/5/22,15.3,1,0,0,2.4,89,10
2020/5/23,18.4,0,2.8,0,2.4,86,8.5
2020/5/24,20.8,0,11,0,3.2,75,6.3
2020/5/25,21.6,0,6.6,0,3,72,9.3
2020/5/26,20.9,0.5,0.2,0,2,87,9.5
2020/5/27,21.4,0,4.4,0,2.1,81,9.8
2020/5/28,19.4,9.5,3.7,0,2.7,69,8.8
2020/5/29,20.7,0,12.9,0,2.8,65,3.5
2020/5/30,22,0,8.9,0,3.2,71,7
2020/5/31,21.3,0,0.2,0,3.4,73,8
2020/6/1,19.6,4,0,0,1.8,93,10
2020/6/2,22.3,0,4.1,0,2.3,87,10
2020/6/3,24,0,6.2,0,2.4,76,9.8
2020/6/4,23.5,0,5.4,0,2.8,79,10
2020/6/5,24.8,0,8.1,0,3.3,74,9.3
2020/6/6,24.2,6.5,1.9,0,2.6,77,10
2020/6/7,22,0.5,8.6,0,2.9,67,7.5
2020/6/8,23.2,0,8.9,0,2.9,73,5.8
2020/6/9,25.5,0,13,0,3.1,68,7.3
2020/6/10,26.2,0,11.1,0,5.4,65,4.8
2020/6/11,25.1,10,3.5,0,5.9,85,9.5
2020/6/12,26.2,5.5,4,0,2.5,84,9
2020/6/13,21.3,35.5,0,0,2.2,99,10
2020/6/14,21.7,5.5,0,0,1.6,99,10
2020/6/15,25.9,0,7.3,0,2.4,81,9.5
2020/6/16,25.5,0,8,0,3.4,68,7.3
2020/6/17,23.6,0,13.1,0,3.5,63,4
2020/6/18,22.1,2,0,0,2,82,10
2020/6/19,18.7,50,0,0,2.2,99,10
2020/6/20,22.9,0,9.3,0,2.8,76,6.5
2020/6/21,21.9,2.5,1.4,0,2.5,83,10
2020/6/22,19.2,27.5,0,0,3.5,95,10
2020/6/23,22.3,3,2.7,0,2.6,86,9.3
2020/6/24,22.5,0,1.9,0,2.6,84,9.5
2020/6/25,20.2,14.5,0,0,1.9,94,10
2020/6/26,24.7,0,4.9,0,1.7,85,9
2020/6/27,25.5,0,2.6,0,1.9,83,10
2020/6/28,22.2,30,0,0,2,96,10
2020/6/29,24.9,0,10.3,0,3,69,3.5
2020/6/30,24.6,15.5,0,0,4.5,90,9.8
2020/7/1,25.1,21,0,0,6.5,89,10
2020/7/2,25.9,0.5,11.7,0,4.9,72,5.5
2020/7/3,23.8,6,1.7,0,2.4,80,10
2020/7/4,23.8,25.5,0.1,0,4,90,10
2020/7/5,24.9,3.5,1.7,0,3.3,87,10
2020/7/6,24.8,40.5,0.3,0,5.2,92,10
2020/7/7,27.2,0.5,0.2,0,6.4,84,10
2020/7/8,26,3,1.5,0,5.8,83,10
2020/7/9,23.7,14,0,0,3.8,96,10
2020/7/10,25.3,0.5,0,0,3.6,90,9.8
2020/7/11,27.5,2,2.3,0,5.6,82,10
2020/7/12,26,0.5,4.8,0,2.9,81,10
2020/7/13,21,6,0.4,0,3,90,10
2020/7/14,22.3,6,0,0,2.3,97,10
2020/7/15,20.4,6.5,0,0,2.3,97,10
2020/7/16,20.7,0.5,0.1,0,2.3,86,10
2020/7/17,19.3,34.5,0,0,2,98,10
2020/7/18,20.4,20,0,0,1.5,100,10
2020/7/19,24.3,0,6.9,0,2.2,90,5.8
2020/7/20,26.9,0,6.9,0,2.4,80,8.5
2020/7/21,25.5,1,0.1,0,2.1,88,10
2020/7/22,26.6,0,0.8,0,2.4,89,10
2020/7/23,23.2,31.5,0,0,1.8,99,10
2020/7/24,24.5,0,0,0,1.2,94,9.8
2020/7/25,25.1,23.5,0.2,0,2.1,98,10
2020/7/26,25.6,18.5,2.9,0,3.1,95,10
2020/7/27,26.3,2,0.7,0,3.3,88,10
2020/7/28,26.7,2,1.2,0,2.5,90,10
2020/7/29,22.9,0,0,0,2.9,87,10
2020/7/30,23.2,0,0,0,1.9,84,10
2020/7/31,24.8,1,3.2,0,1.6,90,10
2020/8/1,26.1,0.5,5.5,0,2.6,77,7.8
2020/8/2,26.3,0,6,0,2.4,75,5.5
2020/8/3,27.2,0,10.1,0,2.4,74,3.8
2020/8/4,28.3,0,10.4,0,2.9,77,4.3
2020/8/5,29.1,0,10.3,0,2.9,76,3.3
2020/8/6,28.5,0,9.7,0,3.9,79,7.8
2020/8/7,29.5,0,8.8,0,3.4,71,7.5
2020/8/8,28.1,0,4.7,0,2.7,79,8.3
2020/8/9,28.7,0,7.5,0,2.4,77,9.5
2020/8/10,30.5,0,8.8,0,2.4,73,10
2020/8/11,31.7,0,12.5,0,4,67,2.8
2020/8/12,30,0.5,7.2,0,2.5,79,6.8
2020/8/13,29.4,21.5,7.8,0,2.2,82,5
2020/8/14,29.4,0,8.3,0,2.8,78,2
2020/8/15,31,0,10,0,2.1,76,3.8
2020/8/16,31.2,0,9.7,0,2.7,74,7.3
2020/8/17,30.8,0,7,0,2.7,76,7.8
2020/8/18,30.3,0,4.2,0,2.8,71,8.8
2020/8/19,29,0,10.8,0,2.7,72,5.3
2020/8/20,29.7,0,11.1,0,3.2,74,1
2020/8/21,30.1,0,10.5,0,2.8,72,2.3
2020/8/22,29.3,0,8,0,2.7,75,6
2020/8/23,25.6,38,1.9,0,2,87,9.8
2020/8/24,27.2,0,6.7,0,2.7,79,5
2020/8/25,27.8,0,7.2,0,2.7,75,6.3
2020/8/26,28.8,0,10.4,0,2.7,77,6
2020/8/27,29.3,0,7.4,0,3.1,79,4.5
2020/8/28,30.2,0,7.7,0,3.3,76,4.3
2020/8/29,30.3,0,11.7,0,3.3,73,3.8
2020/8/30,30,0,9.4,0,3.3,73,4.5
2020/8/31,27.5,1,3.4,0,2.9,80,8.3
2020/9/1,24.9,1,0.5,0,2.3,85,10
2020/9/2,26.8,7.5,1.4,0,2.5,93,10
2020/9/3,28.4,3.5,4.9,0,4.2,85,8.5
2020/9/4,29.3,0,10.7,0,3,76,7.5
2020/9/5,28.6,8.5,7.3,0,2.8,79,6.5
2020/9/6,25.7,25.5,2.3,0,2.7,94,9.8
2020/9/7,26.7,19,1.4,0,4.4,93,9.5
2020/9/8,29.5,0,10.1,0,5.1,73,4
2020/9/9,29,0.5,11.3,0,3.7,72,2.8
2020/9/10,27.7,0,3.9,0,3.8,80,9
2020/9/11,28.3,0,6,0,3.1,79,6.8
2020/9/12,23.7,14.5,0,0,2.5,97,10
2020/9/13,23.3,0.5,1.3,0,2.4,89,7.5
2020/9/14,23.4,0.5,0.7,0,2.3,86,10
2020/9/15,23.8,0.5,2.3,0,2,82,9
2020/9/16,24,2,0.7,0,2.1,81,9.8
2020/9/17,24.9,0,1.1,0,2.1,88,9.5
2020/9/18,29,0,4.4,0,5.5,74,9
2020/9/19,24.7,0,0,0,2.9,78,8.8
2020/9/20,22.2,0.5,0,0,2,80,10
2020/9/21,22,0.5,3.9,0,2.1,78,6
2020/9/22,22.5,3.5,5.5,0,2.5,76,9
2020/9/23,20.2,7.5,0,0,2.7,95,10
2020/9/24,19,10,0,0,3.2,92,10
2020/9/25,19.4,5.5,0,0,3.2,95,10
2020/9/26,18.5,6,0,0,2.1,97,10
2020/9/27,19.7,0.5,1.3,0,1.6,88,9.8
2020/9/28,21.5,0,10.8,0,2.5,71,3.5
2020/9/29,19.7,0,3.5,0,3,67,10
2020/9/30,20,0,10.4,0,2.6,66,3.8
2020/10/1,19.5,1,2.2,0,1.7,85,7.8
2020/10/2,21,0,10.7,0,2.5,72,2.8
2020/10/3,21.7,0,3.9,0,1.7,74,8.5
2020/10/4,22,0,1.5,0,2,77,10
2020/10/5,21.7,0,1.5,0,2,81,10
2020/10/6,21,0,2.7,0,2.6,52,8.3
2020/10/7,18.3,6,3.2,0,2.7,73,8.5
2020/10/8,14.7,44,0,0,2.4,99,10
2020/10/9,14.5,38,0,0,2.8,99,10
2020/10/10,16,73.5,0,0,2.7,100,10
2020/10/11,19.8,0.5,0.4,0,2.7,91,10
2020/10/12,21.5,0,2.5,0,2.1,87,9.5
2020/10/13,22.1,0,4.2,0,2.5,79,8.5
2020/10/14,20.3,0,0.7,0,2.3,67,10
2020/10/15,16.8,1,0,0,2.7,83,10
2020/10/16,16.1,0,4.1,0,2.9,59,9.5
2020/10/17,12.7,23,0,0,2.2,93,10
2020/10/18,14.3,0.5,4.2,0,2.1,83,7
2020/10/19,13.1,9,0,0,2.4,89,7.5
2020/10/20,15.6,0,7.7,0,2.3,75,5.3
2020/10/21,16,0,7.5,0,2.6,69,4.8
2020/10/22,17.4,0,3,0,2.3,70,10
2020/10/23,16.8,8.5,0,0,2,93,10
2020/10/24,17.3,0,7.8,0,3.1,56,5
2020/10/25,15.5,0,8.4,0,2.6,55,1.5
2020/10/26,16.2,0,8.6,0,2,65,6.3
2020/10/27,16.7,0,6,0,2.2,65,8.3
2020/10/28,16.6,0,2.2,0,1.7,73,8
2020/10/29,17.3,0,9.7,0,2.9,55,4.8
2020/10/30,14.9,0,1.6,0,3.2,47,6.3
2020/10/31,13.8,0,9.6,0,2.4,54,0
2020/11/1,14.3,0,2.7,0,2.1,69,7.5
2020/11/2,15.6,2.5,2.7,0,1.8,78,8
2020/11/3,14.8,4.5,0.2,0,1.8,92,10
2020/11/4,13.7,0,8.6,0,3,47,2
2020/11/5,13.4,0,9.2,0,2.1,56,0.5
2020/11/6,12.8,0,0.4,0,1.7,67,9.8
2020/11/7,15.5,0,1.2,0,1.6,77,9.5
2020/11/8,17.3,2.5,1.1,0,1.8,75,10
2020/11/9,13.5,0,2.9,0,3.1,44,4.3
2020/11/10,11.9,0,8.7,0,2.4,50,2.8
2020/11/11,11.9,0,9.1,0,3.1,48,1.5
2020/11/12,10.2,0,0.5,0,2.2,63,7.3
2020/11/13,13.7,0,8.7,0,1.7,67,3.8
2020/11/14,14.7,0,9.3,0,2.4,56,0
2020/11/15,13.4,0,9.2,0,2.5,65,3.8
2020/11/16,14.7,0,9.2,0,1.5,66,3
2020/11/17,15.2,0,8.5,0,2.3,62,0.5
2020/11/18,15.8,0,8.3,0,2,77,5.3
2020/11/19,19.1,0,7,0,3.6,74,8.5
2020/11/20,21.9,0,0.4,0,5.5,73,10
2020/11/21,16.6,0,9.1,0,3.6,46,2.5
2020/11/22,15,0,8,0,2.8,66,1.3
2020/11/23,15.5,0,5.6,0,2.6,54,7.5
2020/11/24,11.8,0,0,0,2.7,56,10
2020/11/25,10.5,5,0,0,2.3,94,10
2020/11/26,12.8,0,8,0,1.5,81,4.8
2020/11/27,11.6,0,1.2,0,2.5,78,9.5
2020/11/28,11.8,0,8.8,0,3.5,56,5
2020/11/29,10.1,0,1.2,0,2,56,8
2020/11/30,9.9,0,6.8,0,1.8,69,6.3
2020/12/1,10.2,0,8.8,0,2,66,0.8
2020/12/2,8.2,8,0,0,2.3,81,9.8
2020/12/3,8.1,0,0,0,2.1,91,8
2020/12/4,9.2,0,7.1,0,2.1,61,5.3
2020/12/5,6.6,3.5,0,0,2.1,86,10
2020/12/6,8.2,0,5.8,0,1.6,80,4.8
2020/12/7,9.7,0,8.8,0,1.5,71,0.8
2020/12/8,11.4,0,6.7,0,2,66,5
2020/12/9,9.8,0,0.7,0,2.1,61,10
2020/12/10,9.3,0,0.4,0,2.2,72,7.5
2020/12/11,10.2,0,4.3,0,1.7,76,5.5
2020/12/12,11.4,0,2.3,0,2,70,10
2020/12/13,9.9,0,6.2,0,1.7,72,3.5
2020/12/14,8.5,0,4.6,0,2.7,62,8.5
2020/12/15,6.1,0,7,0,2.5,45,4.5
2020/12/16,4.6,0,6.1,0,1.9,43,2.8
2020/12/17,4.3,0,8.9,0,2.7,42,0.3
2020/12/18,6.1,0,8.6,0,1.7,52,2.5
2020/12/19,5.8,0,2.2,0,2.6,48,5.8
2020/12/20,4.4,0,8.9,0,2.8,45,0.8
2020/12/21,5.3,0,9,0,1.7,40,0
2020/12/22,5.6,0,8,0,1.8,61,1.8
2020/12/23,7.7,0,8.9,0,2,54,2.5
2020/12/24,8,0,1.7,0,1.9,56,7.5
2020/12/25,8.7,0,8.3,0,2.2,49,5.5
2020/12/26,6.4,0,8.8,0,1.7,51,2.3
2020/12/27,7.8,0,6.8,0,1.9,59,7.8
2020/12/28,8.5,0,4,0,1.6,72,5.5
2020/12/29,8.7,0,4.5,0,1.6,66,5.8
2020/12/30,6.9,1.5,1.6,0,3.4,68,10
2020/12/31,3.4,0,8.9,0,3.3,34,0.8